backend,device,time,size
numba,cpu,0.007608930000060354,4
numba,cpu,0.004996071999812557,4
numba,cpu,0.0049949630001719925,4
numba,cpu,0.002989562000038859,4
numba,cpu,0.00600423400010186,4
numba,cpu,0.006002123000143911,4
numba,cpu,0.005986493000818882,4
numba,cpu,0.005998734000058903,4
numba,cpu,0.005998812999678194,4
taichi,cpu,0.0004230539998388849,4
taichi,cpu,0.0001658019991737092,4
taichi,cpu,0.0001986719998967601,4
taichi,cpu,0.0001600619998498587,4
taichi,cpu,0.00024315300015587127,4
taichi,cpu,0.0002067320001515327,4
taichi,cpu,0.0002147920004063053,4
taichi,cpu,0.0002877830002034898,4
taichi,cpu,0.00041282500023953617,4
warp,cpu,0.0003461739997874247,4
warp,cpu,0.00015826199978619115,4
warp,cpu,0.00014467100027104607,4
warp,cpu,0.00014358199950947892,4
warp,cpu,0.0001588220002304297,4
warp,cpu,0.0001388809996569762,4
warp,cpu,0.0001357020000796183,4
warp,cpu,0.00013762100024905521,4
warp,cpu,0.00013681099972018274,4
torch,cpu,0.00015197099946817616,4
torch,cpu,0.000140822000503249,4
torch,cpu,0.00013744100033363793,4
torch,cpu,0.00015174200052570086,4
torch,cpu,0.00014029200065124314,4
torch,cpu,0.00013816099999530707,4
torch,cpu,0.00013790200046059908,4
torch,cpu,0.00013698099974135403,4
torch,cpu,0.000135760999910417,4
jax,cpu,0.00040348400034417864,4
jax,cpu,0.0003133930003968999,4
jax,cpu,0.0002888830003939802,4
jax,cpu,0.0003046530000574421,4
jax,cpu,0.00030006299948581727,4
jax,cpu,0.00028568299967446364,4
jax,cpu,0.00029100400024617556,4
jax,cpu,0.00029402300060610287,4
jax,cpu,0.0002889829993364401,4
numba,cpu,0.0006522470002892078,16
numba,cpu,2.646000029926654e-05,16
numba,cpu,2.474000029906165e-05,16
numba,cpu,2.390000008745119e-05,16
numba,cpu,2.2981000256550033e-05,16
numba,cpu,2.2600000193051528e-05,16
numba,cpu,2.3370000235445332e-05,16
numba,cpu,2.3079999664332718e-05,16
numba,cpu,2.3140999473980628e-05,16
taichi,cpu,0.002488186999471509,16
taichi,cpu,0.0009844599999269121,16
taichi,cpu,0.0002989029999298509,16
taichi,cpu,0.0003185839996149298,16
taichi,cpu,0.00029698300022573676,16
taichi,cpu,0.0004095939993931097,16
taichi,cpu,0.0004019449997940683,16
taichi,cpu,0.00020697199943242595,16
taichi,cpu,0.0001813019998735399,16
warp,cpu,0.00013834099991072435,16
warp,cpu,0.00012944199988851324,16
warp,cpu,0.00012635099938052008,16
warp,cpu,0.00013520099946617847,16
warp,cpu,0.0001226719996338943,16
warp,cpu,0.00012034100018354366,16
warp,cpu,0.00012030099969706498,16
warp,cpu,0.00012073200014128815,16
warp,cpu,0.0002981329998874571,16
torch,cpu,0.0016330380003637401,16
torch,cpu,0.0022293730007731938,16
torch,cpu,0.0022212929998204345,16
torch,cpu,0.0013386739992711227,16
torch,cpu,0.0012830539999413304,16
torch,cpu,0.0016423870001744945,16
torch,cpu,0.0017932890004885849,16
torch,cpu,0.001602536000063992,16
torch,cpu,0.0018579299994598841,16
jax,cpu,0.00039221499991981545,16
jax,cpu,0.0003224830006729462,16
jax,cpu,0.000298662999739463,16
jax,cpu,0.0002919429998655687,16
jax,cpu,0.0003029039999091765,16
jax,cpu,0.00029031300073256716,16
jax,cpu,0.00028474300052039325,16
jax,cpu,0.0002377319997322047,16
jax,cpu,0.0002516129998184624,16
numba,cpu,0.006981964000260632,64
numba,cpu,0.008018705000722548,64
numba,cpu,0.001071880999916175,64
numba,cpu,0.00037367400000221096,64
numba,cpu,0.0009129499994742218,64
numba,cpu,3.811999977187952e-05,64
numba,cpu,2.5741000172274653e-05,64
numba,cpu,2.384999970672652e-05,64
numba,cpu,2.358999972784659e-05,64
taichi,cpu,0.0011574130003282335,64
taichi,cpu,0.00042737399962788913,64
taichi,cpu,0.0003603140003178851,64
taichi,cpu,0.00028769299933628645,64
taichi,cpu,0.0002795130003505619,64
taichi,cpu,0.00028288300018175505,64
taichi,cpu,0.0002957230008178158,64
taichi,cpu,0.00028647300041484414,64
taichi,cpu,0.0002977340000143158,64
warp,cpu,0.0001741720006975811,64
warp,cpu,0.00016505100029462483,64
warp,cpu,0.00016181199953280156,64
warp,cpu,0.00016003200016712071,64
warp,cpu,0.0001647019998927135,64
warp,cpu,0.0001756209994709934,64
warp,cpu,0.00016268199942715,64
warp,cpu,0.00015140200048335828,64
warp,cpu,0.0001483409996581031,64
torch,cpu,0.0015890969998508808,64
torch,cpu,0.0014793359996474464,64
torch,cpu,0.0016741569997975603,64
torch,cpu,0.001959829999577778,64
torch,cpu,0.0014560460003849585,64
torch,cpu,0.0013266239993754425,64
torch,cpu,0.0013267140002426459,64
torch,cpu,0.0013564939999923809,64
torch,cpu,0.001342874000329175,64
jax,cpu,0.0003495639994071098,64
jax,cpu,0.00024775200017757015,64
jax,cpu,0.00024152300011337502,64
jax,cpu,0.0002549030004956876,64
jax,cpu,0.00024392200066358782,64
jax,cpu,0.00024307300009240862,64
jax,cpu,0.0002399019995209528,64
jax,cpu,0.00024780300009297207,64
jax,cpu,0.00023900299947854364,64
numba,cpu,0.007614840000314871,256
numba,cpu,0.00537647700002708,256
numba,cpu,0.0059705329995267675,256
numba,cpu,0.007062554999720305,256
numba,cpu,0.005905183000322722,256
numba,cpu,0.006011622999722022,256
numba,cpu,0.006002883999826736,256
numba,cpu,0.0059823130004588165,256
numba,cpu,0.006001774000651494,256
taichi,cpu,0.004520247000073141,256
taichi,cpu,0.0004247550004947698,256
taichi,cpu,0.0002846729994416819,256
taichi,cpu,0.00035634399955597473,256
taichi,cpu,0.00023353199958364712,256
taichi,cpu,0.00023277300078916596,256
taichi,cpu,0.00043264400028419914,256
taichi,cpu,0.0005069649996585213,256
taichi,cpu,0.0003026430003956193,256
warp,cpu,0.00017628199930186383,256
warp,cpu,0.00014674100020783953,256
warp,cpu,0.00014467199980572332,256
warp,cpu,0.00013799099997413578,256
warp,cpu,0.0001755519997459487,256
warp,cpu,0.00017398199997842312,256
warp,cpu,0.0001467120000597788,256
warp,cpu,0.00014048100001673447,256
warp,cpu,0.0001350719994661631,256
torch,cpu,0.0013963549999971292,256
torch,cpu,0.001903699999274977,256
torch,cpu,0.0016261979999399045,256
torch,cpu,0.0014487150001514237,256
torch,cpu,0.0014205549996404443,256
torch,cpu,0.001410135000696755,256
torch,cpu,0.0014165550001052907,256
torch,cpu,0.0014068950004002545,256
torch,cpu,0.0014057950002097641,256
jax,cpu,0.0004520249995039194,256
jax,cpu,0.0002531119998820941,256
jax,cpu,0.0002666529999260092,256
jax,cpu,0.00025079299939534394,256
jax,cpu,0.0002498929998182575,256
jax,cpu,0.00023989200053620152,256
jax,cpu,0.0002381529993726872,256
jax,cpu,0.00024174200007109903,256
jax,cpu,0.0002500930004316615,256
numba,cpu,3.406999985600123e-05,1024
numba,cpu,2.6839999918593094e-05,1024
numba,cpu,2.3380999664368574e-05,1024
numba,cpu,2.2739999621990137e-05,1024
numba,cpu,3.0249999326770194e-05,1024
numba,cpu,2.370000038354192e-05,1024
numba,cpu,2.2261000594880898e-05,1024
numba,cpu,2.5440000172238797e-05,1024
numba,cpu,4.020999949716497e-05,1024
taichi,cpu,0.0025837769999270677,1024
taichi,cpu,0.0002861139992091921,1024
taichi,cpu,0.0002933330006271717,1024
taichi,cpu,0.0002842030007741414,1024
taichi,cpu,0.0002781330003926996,1024
taichi,cpu,0.0002753329999904963,1024
taichi,cpu,0.00027088200022262754,1024
taichi,cpu,0.000899989000572532,1024
taichi,cpu,0.00040985399937198963,1024
warp,cpu,0.0001902820004033856,1024
warp,cpu,0.0001794520003386424,1024
warp,cpu,0.00018556200029706815,1024
warp,cpu,0.00017642199964029714,1024
warp,cpu,0.00017248199947061948,1024
warp,cpu,0.0001713720002953778,1024
warp,cpu,0.00017155200021079509,1024
warp,cpu,0.00017086199932236923,1024
warp,cpu,0.00018041099974652752,1024
torch,cpu,0.0015812470001037582,1024
torch,cpu,0.001555366000502545,1024
torch,cpu,0.0016380070001105196,1024
torch,cpu,0.0016150279998328188,1024
torch,cpu,0.0016008370002964512,1024
torch,cpu,0.0020349409996924805,1024
torch,cpu,0.002215883999269863,1024
torch,cpu,0.002056391999758489,1024
torch,cpu,0.0016013970007406897,1024
jax,cpu,0.0004218049998598872,1024
jax,cpu,0.00036947399985365337,1024
jax,cpu,0.00030056300056457985,1024
jax,cpu,0.00027932300054089865,1024
jax,cpu,0.0002750929998001084,1024
jax,cpu,0.0002838930004145368,1024
jax,cpu,0.000266203000137466,1024
jax,cpu,0.00026753299971460365,1024
jax,cpu,0.0002692020007089013,1024
numba,cpu,0.002677378000043973,4096
numba,cpu,0.001831058999414381,4096
numba,cpu,0.0025686179997137515,4096
numba,cpu,3.105999985564267e-05,4096
numba,cpu,2.8110000130254775e-05,4096
numba,cpu,2.686100015125703e-05,4096
numba,cpu,6.545999985974049e-05,4096
numba,cpu,2.6431000151205808e-05,4096
numba,cpu,2.6020000404969323e-05,4096
taichi,cpu,0.0011934320000364096,4096
taichi,cpu,0.0010497119992578519,4096
taichi,cpu,0.0007637379994775984,4096
taichi,cpu,0.00043697399996744934,4096
taichi,cpu,0.000516936000167334,4096
taichi,cpu,0.00046105500041448977,4096
taichi,cpu,0.0005317859995557228,4096
taichi,cpu,0.0004416940000737668,4096
taichi,cpu,0.0006477670003732783,4096
warp,cpu,0.0003351840005052509,4096
warp,cpu,0.0003316529991934658,4096
warp,cpu,0.00031880400001682574,4096
warp,cpu,0.00031734299955132883,4096
warp,cpu,0.00032454399934067624,4096
warp,cpu,0.0003175129995725001,4096
warp,cpu,0.00032349299999623327,4096
warp,cpu,0.00032345399995392654,4096
warp,cpu,0.00031656299961468903,4096
torch,cpu,0.0022365129998433986,4096
torch,cpu,0.002218734000052791,4096
torch,cpu,0.0022220929995455663,4096
torch,cpu,0.0022174539999468834,4096
torch,cpu,0.0022059530001570238,4096
torch,cpu,0.002209104000030493,4096
torch,cpu,0.0022987639995335485,4096
torch,cpu,0.0022288139998636325,4096
torch,cpu,0.0022106930000518332,4096
jax,cpu,0.0005818270001327619,4096
jax,cpu,0.0003762240003197803,4096
jax,cpu,0.00034506300016801106,4096
jax,cpu,0.0005750860000262037,4096
jax,cpu,0.000337143999786349,4096
jax,cpu,0.00032014300086302683,4096
jax,cpu,0.00028875300085928757,4096
jax,cpu,0.0003188440005033044,4096
jax,cpu,0.0003178329998263507,4096
numba,cpu,0.005966492999505135,16384
numba,cpu,0.006982154000070295,16384
numba,cpu,0.00600550299986935,16384
numba,cpu,0.0036626889996114187,16384
numba,cpu,0.0004697149997809902,16384
numba,cpu,0.00019036200046684826,16384
numba,cpu,0.0003096330001426395,16384
numba,cpu,0.000569935999919835,16384
numba,cpu,0.0005458559999169665,16384
taichi,cpu,0.0025992480004788376,16384
taichi,cpu,0.0016861579997566878,16384
taichi,cpu,0.0007767879997118143,16384
taichi,cpu,0.0006513569996968727,16384
taichi,cpu,0.0006602670000575017,16384
taichi,cpu,0.0007880079992901301,16384
taichi,cpu,0.0006432770005631028,16384
taichi,cpu,0.0005296259996612207,16384
taichi,cpu,0.0005951760003881645,16384
warp,cpu,0.0009104190003199619,16384
warp,cpu,0.0009110300006796024,16384
warp,cpu,0.0009062300005098223,16384
warp,cpu,0.0009185290000459645,16384
warp,cpu,0.0009091599995372235,16384
warp,cpu,0.0009026099996845005,16384
warp,cpu,0.0009031789995788131,16384
warp,cpu,0.0009064100004252396,16384
warp,cpu,0.0009086090003620484,16384
torch,cpu,0.006722301000081643,16384
torch,cpu,0.0057899410003301455,16384
torch,cpu,0.005769541000518075,16384
torch,cpu,0.005786171999716316,16384
torch,cpu,0.005853242000739556,16384
torch,cpu,0.005780270999821369,16384
torch,cpu,0.005775001000074553,16384
torch,cpu,0.005805800999951316,16384
torch,cpu,0.005794241999865335,16384
jax,cpu,0.00047005500073282747,16384
jax,cpu,0.00033106399951066123,16384
jax,cpu,0.00034722300006251317,16384
jax,cpu,0.0003142729992759996,16384
jax,cpu,0.0003543540005921386,16384
jax,cpu,0.0003592829998524394,16384
jax,cpu,0.00035029400078201434,16384
jax,cpu,0.0003534540001055575,16384
jax,cpu,0.0003360640002938453,16384
numba,cpu,0.003968462000557338,65536
numba,cpu,0.00013441200007946463,65536
numba,cpu,0.00012393100041663274,65536
numba,cpu,0.00012179100031062262,65536
numba,cpu,0.00012068199976056349,65536
numba,cpu,0.0001204209993375116,65536
numba,cpu,0.0001199709995489684,65536
numba,cpu,0.00012709200018434785,65536
numba,cpu,0.00012203099959151587,65536
taichi,cpu,0.0032326840000678203,65536
taichi,cpu,0.0017906490002133069,65536
taichi,cpu,0.0021644529997502104,65536
taichi,cpu,0.0026372880001872545,65536
taichi,cpu,0.003578597999876365,65536
taichi,cpu,0.002881780000279832,65536
taichi,cpu,0.003091732999564556,65536
taichi,cpu,0.0021166530004848028,65536
taichi,cpu,0.0027076880005552084,65536
warp,cpu,0.0038657000004604924,65536
warp,cpu,0.0038274810003713355,65536
warp,cpu,0.0037175189991103252,65536
warp,cpu,0.0033236959998248494,65536
warp,cpu,0.0032479239998792764,65536
warp,cpu,0.003249763999519928,65536
warp,cpu,0.003250214999752643,65536
warp,cpu,0.003378194999640982,65536
warp,cpu,0.003307074999611359,65536
torch,cpu,0.012996737999856123,65536
torch,cpu,0.013031168000452453,65536
torch,cpu,0.012886266000350588,65536
torch,cpu,0.012776054999449116,65536
torch,cpu,0.012830755999857502,65536
torch,cpu,0.014327641999443586,65536
torch,cpu,0.01311097800044081,65536
torch,cpu,0.012741413999719953,65536
torch,cpu,0.013596323999991,65536
jax,cpu,0.0004950549991917796,65536
jax,cpu,0.00038746400059608277,65536
jax,cpu,0.0003694440001709154,65536
jax,cpu,0.00036440399981074734,65536
jax,cpu,0.00044030500066583045,65536
jax,cpu,0.00048591499944450334,65536
jax,cpu,0.0004644549999284209,65536
jax,cpu,0.0004166039998381166,65536
jax,cpu,0.00041936500019801315,65536
numba,cpu,0.0005526459999600775,262144
numba,cpu,0.0012185330006104778,262144
numba,cpu,0.00043004500003007706,262144
numba,cpu,0.000515974999871105,262144
numba,cpu,0.00043144499977643136,262144
numba,cpu,0.0004536740007097251,262144
numba,cpu,0.0004408750000948203,262144
numba,cpu,0.001416784999491938,262144
numba,cpu,0.0006066070000088075,262144
taichi,cpu,0.005905271999836259,262144
taichi,cpu,0.005954473000201688,262144
taichi,cpu,0.006237875999431708,262144
taichi,cpu,0.0052555960000972846,262144
taichi,cpu,0.004727010000351584,262144
taichi,cpu,0.007945524000206206,262144
taichi,cpu,0.005588988999988942,262144
taichi,cpu,0.009039155999744253,262144
taichi,cpu,0.0053217059994494775,262144
warp,cpu,0.01286484600041149,262144
warp,cpu,0.01295615699928021,262144
warp,cpu,0.012582902999383805,262144
warp,cpu,0.012056456999744114,262144
warp,cpu,0.011957826999605459,262144
warp,cpu,0.011953246000302897,262144
warp,cpu,0.011976397000580619,262144
warp,cpu,0.011937956000110717,262144
warp,cpu,0.011895445999471121,262144
torch,cpu,0.02660385099989071,262144
torch,cpu,0.023953273999723024,262144
torch,cpu,0.02362297000036051,262144
torch,cpu,0.025085324999963632,262144
torch,cpu,0.025424359000680852,262144
torch,cpu,0.02548047999971459,262144
torch,cpu,0.025777222999749938,262144
torch,cpu,0.024254515999928117,262144
torch,cpu,0.02361272999951325,262144
jax,cpu,0.0008060090003709774,262144
jax,cpu,0.000664567000058014,262144
jax,cpu,0.0007117079994714004,262144
jax,cpu,0.0006224159997145762,262144
jax,cpu,0.00059437700019771,262144
jax,cpu,0.0006054859995856532,262144
jax,cpu,0.0005514860004041111,262144
jax,cpu,0.000563425999644096,262144
jax,cpu,0.0005439359993033577,262144
numba,cpu,0.005931932999374112,1048576
numba,cpu,0.0066907410000567324,1048576
numba,cpu,0.0014690150001115398,1048576
numba,cpu,0.0014219549993867986,1048576
numba,cpu,0.004475787999581371,1048576
numba,cpu,0.001474725000662147,1048576
numba,cpu,0.003949972000555135,1048576
numba,cpu,0.0028318399999989197,1048576
numba,cpu,0.0014372149998962414,1048576
taichi,cpu,0.020375985999635304,1048576
taichi,cpu,0.01766934700026468,1048576
taichi,cpu,0.018481995000001916,1048576
taichi,cpu,0.01872302799984027,1048576
taichi,cpu,0.01932775400018727,1048576
taichi,cpu,0.02002764200005913,1048576
taichi,cpu,0.01951384699987102,1048576
taichi,cpu,0.01854209599969181,1048576
taichi,cpu,0.02186962100040546,1048576
warp,cpu,0.048150109999369306,1048576
warp,cpu,0.04940721200000553,1048576
warp,cpu,0.048913707999417966,1048576
warp,cpu,0.047766485000465764,1048576
warp,cpu,0.049530674000379804,1048576
warp,cpu,0.04933168200022919,1048576
warp,cpu,0.048206849999587575,1048576
warp,cpu,0.04815365899958124,1048576
warp,cpu,0.04834522100009053,1048576
torch,cpu,0.07262929799981066,1048576
torch,cpu,0.07158587699996133,1048576
torch,cpu,0.0687867680007912,1048576
torch,cpu,0.0646449539999594,1048576
torch,cpu,0.07648236899967742,1048576
torch,cpu,0.06779479699980584,1048576
torch,cpu,0.0633181399998648,1048576
torch,cpu,0.0686072359994796,1048576
torch,cpu,0.07453740899927652,1048576
jax,cpu,0.00158225700033654,1048576
jax,cpu,0.0012694229999397066,1048576
jax,cpu,0.0012965939995410736,1048576
jax,cpu,0.0012942940002176329,1048576
jax,cpu,0.001201282000693027,1048576
jax,cpu,0.0011558630003491999,1048576
jax,cpu,0.0014278650005508098,1048576
jax,cpu,0.0013880540000172914,1048576
jax,cpu,0.001468546000069182,1048576
numba,cpu,0.00968698199994833,4194304
numba,cpu,0.0095463909992759,4194304
numba,cpu,0.009474880999732704,4194304
numba,cpu,0.012584592999701272,4194304
numba,cpu,0.008270056999208464,4194304
numba,cpu,0.007689562000450678,4194304
numba,cpu,0.007338397000239638,4194304
numba,cpu,0.00696546400013176,4194304
numba,cpu,0.006768342000214034,4194304
taichi,cpu,0.07712106500002847,4194304
taichi,cpu,0.07599499299976742,4194304
taichi,cpu,0.0739266709997537,4194304
taichi,cpu,0.0701713029993698,4194304
taichi,cpu,0.07193119099974865,4194304
taichi,cpu,0.07832078800038289,4194304
taichi,cpu,0.07643684899994696,4194304
taichi,cpu,0.0785265900003651,4194304
taichi,cpu,0.07354271700023673,4194304
warp,cpu,0.21343485699981102,4194304
warp,cpu,0.21565031000045565,4194304
warp,cpu,0.214676450999832,4194304
warp,cpu,0.20360687300035352,4194304
warp,cpu,0.2061850099998992,4194304
warp,cpu,0.2099163700004283,4194304
warp,cpu,0.2066443949997847,4194304
warp,cpu,0.2110121010000512,4194304
warp,cpu,0.24474582799939526,4194304
torch,cpu,0.5218586670007426,4194304
torch,cpu,0.5139058730001125,4194304
torch,cpu,0.517879785000332,4194304
torch,cpu,0.5484476179999547,4194304
torch,cpu,0.562868289999642,4194304
torch,cpu,0.4949849320000794,4194304
torch,cpu,0.5187361020007302,4194304
torch,cpu,0.5302017630001501,4194304
torch,cpu,0.5031493970000156,4194304
jax,cpu,0.004921902000205591,4194304
jax,cpu,0.00501598400023795,4194304
jax,cpu,0.004333894999945187,4194304
jax,cpu,0.003919130999747722,4194304
jax,cpu,0.004110032999960822,4194304
jax,cpu,0.004582898999615281,4194304
jax,cpu,0.00467253900023934,4194304
jax,cpu,0.00472228000035102,4194304
jax,cpu,0.005110942999635881,4194304
numba,cuda,0.0005045650004831259,4
numba,cuda,0.00032520300010219216,4
numba,cuda,0.0003131240000584512,4
numba,cuda,0.0003170729996782029,4
numba,cuda,0.0003026230006071273,4
numba,cuda,0.00029594300031021703,4
numba,cuda,0.00031198400029097684,4
numba,cuda,0.000298623000162479,4
numba,cuda,0.00029143299980205484,4
taichi,cuda,0.0004326349999246304,4
taichi,cuda,0.00016050099929998396,4
taichi,cuda,0.00016321200018865056,4
taichi,cuda,0.00015435200020874618,4
taichi,cuda,0.0001593610004420043,4
taichi,cuda,0.00015002100008132402,4
taichi,cuda,0.00015621199963788968,4
taichi,cuda,0.00014915100018697558,4
taichi,cuda,0.00014713200016558403,4
warp,cuda,0.0001696519993856782,4
warp,cuda,0.0001426210001227446,4
warp,cuda,0.00013931200010119937,4
warp,cuda,0.00015505200008192332,4
warp,cuda,0.0001337610001428402,4
warp,cuda,0.000131910999698448,4
warp,cuda,0.0001308920000155922,4
warp,cuda,0.00012939099997311132,4
warp,cuda,0.00013034200037509436,4
torch,cuda,0.00040396399981545983,4
torch,cuda,0.0003188840000802884,4
torch,cuda,0.00033031299972208217,4
torch,cuda,0.0003144840002278215,4
torch,cuda,0.0003124129998468561,4
torch,cuda,0.00031247300012182677,4
torch,cuda,0.0003310939991933992,4
torch,cuda,0.00031576300079905195,4
torch,cuda,0.0003130229997623246,4
jax,cuda,0.00044519399943965254,4
jax,cuda,0.00031069400029082317,4
jax,cuda,0.0003133329992124345,4
jax,cuda,0.00031853300060902257,4
jax,cuda,0.0003038929999092943,4
jax,cuda,0.00030132299980323296,4
jax,cuda,0.0002989530003105756,4
jax,cuda,0.0003191440000591683,4
jax,cuda,0.0002958229997602757,4
numba,cuda,0.00038860400036355713,16
numba,cuda,0.00030656400031148223,16
numba,cuda,0.0003015430002051289,16
numba,cuda,0.00029078300030960236,16
numba,cuda,0.0002868330002456787,16
numba,cuda,0.0002962729995488189,16
numba,cuda,0.00028181299967400264,16
numba,cuda,0.0002849430002243025,16
numba,cuda,0.00030084300033195177,16
taichi,cuda,0.00016869199953362113,16
taichi,cuda,0.00016788199991424335,16
taichi,cuda,0.00015506199997616932,16
taichi,cuda,0.00015388100018753903,16
taichi,cuda,0.00014992199976404663,16
taichi,cuda,0.00014697100050398149,16
taichi,cuda,0.00014953199934097938,16
taichi,cuda,0.00014979199931985931,16
taichi,cuda,0.00015091099976416444,16
warp,cuda,0.00014064100014365977,16
warp,cuda,0.00013441100054478738,16
warp,cuda,0.0001327620002484764,16
warp,cuda,0.00013063099959254032,16
warp,cuda,0.00014078200001677033,16
warp,cuda,0.00013739099995291326,16
warp,cuda,0.00013025200041738572,16
warp,cuda,0.00013028100056544645,16
warp,cuda,0.00013430099988909205,16
torch,cuda,0.003868540999974357,16
torch,cuda,0.0040644529999553924,16
torch,cuda,0.004281354999875475,16
torch,cuda,0.004145263999816962,16
torch,cuda,0.004130172999794013,16
torch,cuda,0.0038401609999709763,16
torch,cuda,0.003797110000050452,16
torch,cuda,0.004148973999690497,16
torch,cuda,0.00396264200026053,16
jax,cuda,0.0004997349997211131,16
jax,cuda,0.000374874000044656,16
jax,cuda,0.0003834950002783444,16
jax,cuda,0.00036736400033987593,16
jax,cuda,0.00036863300010736566,16
jax,cuda,0.0003703239999595098,16
jax,cuda,0.0003592240000216407,16
jax,cuda,0.0003723440004250733,16
jax,cuda,0.0003680039999380824,16
numba,cuda,0.00031004300035419874,64
numba,cuda,0.00038453399974969216,64
numba,cuda,0.00029391299995040754,64
numba,cuda,0.0002856330002032337,64
numba,cuda,0.0002802029994199984,64
numba,cuda,0.0003008840003531077,64
numba,cuda,0.00028089300030842423,64
numba,cuda,0.0002788129995678901,64
numba,cuda,0.00029142299990780884,64
taichi,cuda,0.0001680209998085047,64
taichi,cuda,0.0001523119999546907,64
taichi,cuda,0.00014944200029276544,64
taichi,cuda,0.00016069100001914194,64
taichi,cuda,0.0001530819999970845,64
taichi,cuda,0.00014696200014441274,64
taichi,cuda,0.00014565099991159514,64
taichi,cuda,0.00014646199997514486,64
taichi,cuda,0.00016062099984992528,64
warp,cuda,0.0001407509998898604,64
warp,cuda,0.00013162200048100203,64
warp,cuda,0.00012841099942306755,64
warp,cuda,0.00012898099976155208,64
warp,cuda,0.0001288620005652774,64
warp,cuda,0.00012889100071333814,64
warp,cuda,0.00012716099990939256,64
warp,cuda,0.00013685200065083336,64
warp,cuda,0.00012705100016319193,64
torch,cuda,0.003934362000109104,64
torch,cuda,0.004087153000000399,64
torch,cuda,0.003768849999687518,64
torch,cuda,0.0037595799994960544,64
torch,cuda,0.004424867000125232,64
torch,cuda,0.0037661590004063328,64
torch,cuda,0.0037856099997952697,64
torch,cuda,0.0037619599997924524,64
torch,cuda,0.00408169300044392,64
jax,cuda,0.0012057530002493877,64
jax,cuda,0.0004420039995238767,64
jax,cuda,0.00039673499941272894,64
jax,cuda,0.00039011399985611206,64
jax,cuda,0.00039401399953931104,64
jax,cuda,0.00035043400021095295,64
jax,cuda,0.00029857299978175433,64
jax,cuda,0.00031402300010086037,64
jax,cuda,0.0003123340002275654,64
numba,cuda,0.000313923999783583,256
numba,cuda,0.00031500299974140944,256
numba,cuda,0.00036393399932421744,256
numba,cuda,0.00029019300018262584,256
numba,cuda,0.0002938030002042069,256
numba,cuda,0.00028568300058395835,256
numba,cuda,0.0002839230000972748,256
numba,cuda,0.000284333000308834,256
numba,cuda,0.00030243299988796934,256
taichi,cuda,0.00016253099965979345,256
taichi,cuda,0.00015377199997601565,256
taichi,cuda,0.0001895019995572511,256
taichi,cuda,0.0001611320003576111,256
taichi,cuda,0.00015232099940476473,256
taichi,cuda,0.00015180199989117682,256
taichi,cuda,0.0001507419992776704,256
taichi,cuda,0.00016373100061173318,256
taichi,cuda,0.0001616119998288923,256
warp,cuda,0.0001620819994059275,256
warp,cuda,0.00013879099969926756,256
warp,cuda,0.00013192200003686594,256
warp,cuda,0.00013001099978282582,256
warp,cuda,0.00015829199946892913,256
warp,cuda,0.0001388910004607169,256
warp,cuda,0.00013147200024832273,256
warp,cuda,0.0001288009998461348,256
warp,cuda,0.00014422099957300816,256
torch,cuda,0.005377667000175279,256
torch,cuda,0.004424026999913622,256
torch,cuda,0.0052355249999891385,256
torch,cuda,0.005353176999960851,256
torch,cuda,0.005740070000683772,256
torch,cuda,0.004857701000219095,256
torch,cuda,0.005036862999986624,256
torch,cuda,0.004396606999762298,256
torch,cuda,0.004008161999990989,256
jax,cuda,0.000522475000252598,256
jax,cuda,0.0003229140002076747,256
jax,cuda,0.00032149300022865646,256
jax,cuda,0.0003009330002896604,256
jax,cuda,0.0002978130005431012,256
jax,cuda,0.00031663400022807764,256
jax,cuda,0.0003001830000357586,256
jax,cuda,0.00029857300069124904,256
jax,cuda,0.0004191549996903632,256
numba,cuda,0.00030994400003692135,1024
numba,cuda,0.00029080300009809434,1024
numba,cuda,0.0003047930003958754,1024
numba,cuda,0.0003494439997666632,1024
numba,cuda,0.0002950230000351439,1024
numba,cuda,0.000285632999293739,1024
numba,cuda,0.00030244300069171004,1024
numba,cuda,0.00028434300020308,1024
numba,cuda,0.00028168300013931,1024
taichi,cuda,0.00016259200037893606,1024
taichi,cuda,0.00015261099997587735,1024
taichi,cuda,0.00014775199997529853,1024
taichi,cuda,0.0001481019999118871,1024
taichi,cuda,0.0001474310001867707,1024
taichi,cuda,0.00016092199984996114,1024
taichi,cuda,0.00014643200029240688,1024
taichi,cuda,0.00015586100016662385,1024
taichi,cuda,0.00015003199951024726,1024
warp,cuda,0.0001414320004187175,1024
warp,cuda,0.0001478909998695599,1024
warp,cuda,0.00013205200048105326,1024
warp,cuda,0.0001314510000156588,1024
warp,cuda,0.00012947100003657397,1024
warp,cuda,0.0001290419995712,1024
warp,cuda,0.00013465099982568063,1024
warp,cuda,0.00012978199993085582,1024
warp,cuda,0.00014313100018625846,1024
torch,cuda,0.003931710999495408,1024
torch,cuda,0.003858121000121173,1024
torch,cuda,0.00435059600022214,1024
torch,cuda,0.0038587809995078715,1024
torch,cuda,0.004167273999883037,1024
torch,cuda,0.0042193050003334065,1024
torch,cuda,0.0038432599994848715,1024
torch,cuda,0.0038254810006037587,1024
torch,cuda,0.0038351099992723903,1024
jax,cuda,0.00039931399987835903,1024
jax,cuda,0.00030445300035353284,1024
jax,cuda,0.00031614400086255046,1024
jax,cuda,0.00029548300062742783,1024
jax,cuda,0.0002914930000770255,1024
jax,cuda,0.00031234299967763945,1024
jax,cuda,0.00029203299982327735,1024
jax,cuda,0.00029377299961197423,1024
jax,cuda,0.00030577400048059644,1024
numba,cuda,0.000323112999467412,4096
numba,cuda,0.00029456299944286,4096
numba,cuda,0.0002910430002884823,4096
numba,cuda,0.00032883399944694247,4096
numba,cuda,0.0003456639997239108,4096
numba,cuda,0.00028879300043627154,4096
numba,cuda,0.0003040329993382329,4096
numba,cuda,0.0002823029999490245,4096
numba,cuda,0.00027995300024485914,4096
taichi,cuda,0.00016009099999791943,4096
taichi,cuda,0.0001506119997429778,4096
taichi,cuda,0.00014728199948876863,4096
taichi,cuda,0.00014675100010208553,4096
taichi,cuda,0.0001544520000607008,4096
taichi,cuda,0.0001489709993620636,4096
taichi,cuda,0.00016467200020997552,4096
taichi,cuda,0.00014659199950983748,4096
taichi,cuda,0.0001518909994047135,4096
warp,cuda,0.00014170099984767148,4096
warp,cuda,0.00013404200035438407,4096
warp,cuda,0.00015164100022957427,4096
warp,cuda,0.00013143199976184405,4096
warp,cuda,0.00013040100020589307,4096
warp,cuda,0.00012862200037488947,4096
warp,cuda,0.00013147099980415078,4096
warp,cuda,0.0005072750000181259,4096
warp,cuda,0.00014317200020741438,4096
torch,cuda,0.0038815409998278483,4096
torch,cuda,0.003912651999598893,4096
torch,cuda,0.0039852820000305655,4096
torch,cuda,0.003957912000259967,4096
torch,cuda,0.0038668910001433687,4096
torch,cuda,0.003873591000228771,4096
torch,cuda,0.0038587509998251335,4096
torch,cuda,0.004178914000476652,4096
torch,cuda,0.003862941000079445,4096
jax,cuda,0.00038387499989767093,4096
jax,cuda,0.00029743300001427997,4096
jax,cuda,0.0003144330003124196,4096
jax,cuda,0.0002922929998021573,4096
jax,cuda,0.0002899629998864839,4096
jax,cuda,0.00032563400054641534,4096
jax,cuda,0.00029065299986541504,4096
jax,cuda,0.00028766300056304317,4096
jax,cuda,0.000300063000395312,4096
numba,cuda,0.0003103930002907873,16384
numba,cuda,0.00029232300039438996,16384
numba,cuda,0.00030103300014161505,16384
numba,cuda,0.0002874530000553932,16384
numba,cuda,0.0002846830002454226,16384
numba,cuda,0.0003411539992157486,16384
numba,cuda,0.000298603000373987,16384
numba,cuda,0.00028273299994907575,16384
numba,cuda,0.0002825230003509205,16384
taichi,cuda,0.00015723199976491742,16384
taichi,cuda,0.00015165100012382027,16384
taichi,cuda,0.00014977200044086203,16384
taichi,cuda,0.0001481810004406725,16384
taichi,cuda,0.00014601200018660165,16384
taichi,cuda,0.0001605120005478966,16384
taichi,cuda,0.0001494309999543475,16384
taichi,cuda,0.0001453119994039298,16384
taichi,cuda,0.00014938200001779478,16384
warp,cuda,0.0001418309993823641,16384
warp,cuda,0.00016170199978660094,16384
warp,cuda,0.00013263100026961183,16384
warp,cuda,0.00013019200014241505,16384
warp,cuda,0.00012969100043846993,16384
warp,cuda,0.00012984200020582648,16384
warp,cuda,0.00012892099948658142,16384
warp,cuda,0.00012836099995183758,16384
warp,cuda,0.00012914200033264933,16384
torch,cuda,0.004038633000163827,16384
torch,cuda,0.004007342000477365,16384
torch,cuda,0.004166863999671477,16384
torch,cuda,0.004374456000732607,16384
torch,cuda,0.004008193000117899,16384
torch,cuda,0.0041883539997797925,16384
torch,cuda,0.004220605000227806,16384
torch,cuda,0.004940001999784727,16384
torch,cuda,0.0041793440004767035,16384
jax,cuda,0.0004443640000317828,16384
jax,cuda,0.00036715399983222596,16384
jax,cuda,0.0003648940000857692,16384
jax,cuda,0.00037526400046772324,16384
jax,cuda,0.00035367400050745346,16384
jax,cuda,0.0003681940006572404,16384
jax,cuda,0.0003616439998950227,16384
jax,cuda,0.0003571840006770799,16384
jax,cuda,0.0003657830002339324,16384
numba,cuda,0.000414775000535883,65536
numba,cuda,0.000372213999980886,65536
numba,cuda,0.00036040300074091647,65536
numba,cuda,0.0003681839998534997,65536
numba,cuda,0.0003543539996826439,65536
numba,cuda,0.0005572560003201943,65536
numba,cuda,0.00042691399994509993,65536
numba,cuda,0.0003546640000422485,65536
numba,cuda,0.00035955399926024256,65536
taichi,cuda,0.00019545200029824628,65536
taichi,cuda,0.00018629199985298328,65536
taichi,cuda,0.00019577199964260217,65536
taichi,cuda,0.0001799020001271856,65536
taichi,cuda,0.00018103200000041397,65536
taichi,cuda,0.00018389199976809323,65536
taichi,cuda,0.000250742999924114,65536
taichi,cuda,0.0002626430004966096,65536
taichi,cuda,0.00021259200002532452,65536
warp,cuda,0.00017457200010539964,65536
warp,cuda,0.00018044199987343745,65536
warp,cuda,0.00016483199942740612,65536
warp,cuda,0.00016017100006138207,65536
warp,cuda,0.00015754199921502732,65536
warp,cuda,0.00015827199968043715,65536
warp,cuda,0.00015738099955342477,65536
warp,cuda,0.00018371199985267594,65536
warp,cuda,0.0001611219995538704,65536
torch,cuda,0.00478605999978754,65536
torch,cuda,0.004838521000237961,65536
torch,cuda,0.0056890799996835995,65536
torch,cuda,0.0047222599996530334,65536
torch,cuda,0.004707139999482024,65536
torch,cuda,0.00497300200004247,65536
torch,cuda,0.004966552999576379,65536
torch,cuda,0.004847410999900603,65536
torch,cuda,0.005019282999455754,65536
jax,cuda,0.000450904999524937,65536
jax,cuda,0.0003672439997899346,65536
jax,cuda,0.0004187539998383727,65536
jax,cuda,0.0003888239998559584,65536
jax,cuda,0.00043969499984086724,65536
jax,cuda,0.0004628549995686626,65536
jax,cuda,0.0005337650000001304,65536
jax,cuda,0.00044869500015920494,65536
jax,cuda,0.0003675739999380312,65536
numba,cuda,0.0005258359997242223,262144
numba,cuda,0.0006737370003975229,262144
numba,cuda,0.0004904950001218822,262144
numba,cuda,0.0005502060002982034,262144
numba,cuda,0.0004191939997326699,262144
numba,cuda,0.00046590500005549984,262144
numba,cuda,0.0005170459999135346,262144
numba,cuda,0.0008895989994925912,262144
numba,cuda,0.00037600400082737906,262144
taichi,cuda,0.00019829199936793884,262144
taichi,cuda,0.0001854820002336055,262144
taichi,cuda,0.00018166199970437447,262144
taichi,cuda,0.0001808320002965047,262144
taichi,cuda,0.00017444200057070702,262144
taichi,cuda,0.0005026250000810251,262144
taichi,cuda,0.00016321199927915586,262144
taichi,cuda,0.00017582200052856933,262144
taichi,cuda,0.00015949200042086886,262144
warp,cuda,0.00015803099995537195,262144
warp,cuda,0.0001473519996579853,262144
warp,cuda,0.00014473200008069398,262144
warp,cuda,0.00016005099951144075,262144
warp,cuda,0.0001415919996361481,262144
warp,cuda,0.00013990099978400394,262144
warp,cuda,0.0001398919994244352,262144
warp,cuda,0.00014025100063008722,262144
warp,cuda,0.00014078200001677033,262144
torch,cuda,0.00494948200048384,262144
torch,cuda,0.00506425300045521,262144
torch,cuda,0.004510558000220044,262144
torch,cuda,0.004524857999967935,262144
torch,cuda,0.005373846000111371,262144
torch,cuda,0.0046017489994483185,262144
torch,cuda,0.0043628260000332375,262144
torch,cuda,0.004912352000246756,262144
torch,cuda,0.004849281000133487,262144
jax,cuda,0.0005165060001672828,262144
jax,cuda,0.00048048499957076274,262144
jax,cuda,0.0003928440000890987,262144
jax,cuda,0.0003976540001531248,262144
jax,cuda,0.00041219499962608097,262144
jax,cuda,0.0003237729997636052,262144
jax,cuda,0.0003256639993196586,262144
jax,cuda,0.00030973299999459414,262144
jax,cuda,0.00030570299986720784,262144
numba,cuda,0.0004779050004799501,1048576
numba,cuda,0.00043125400043209083,1048576
numba,cuda,0.0004296549996070098,1048576
numba,cuda,0.00041634399985923665,1048576
numba,cuda,0.00040351499956159387,1048576
numba,cuda,0.00041528400015522493,1048576
numba,cuda,0.0004008739997516386,1048576
numba,cuda,0.0004001540000899695,1048576
numba,cuda,0.0017684289996395819,1048576
taichi,cuda,0.00027824299922940554,1048576
taichi,cuda,0.00016694199985067826,1048576
taichi,cuda,0.00016161100029421505,1048576
taichi,cuda,0.00015813200025149854,1048576
taichi,cuda,0.00016908199995668838,1048576
taichi,cuda,0.00015915199946903158,1048576
taichi,cuda,0.00016270100059045944,1048576
taichi,cuda,0.00015497200001846068,1048576
taichi,cuda,0.00015282200001820456,1048576
warp,cuda,0.0001673520000622375,1048576
warp,cuda,0.00014287099929788383,1048576
warp,cuda,0.00014015200031280983,1048576
warp,cuda,0.00013867100005882094,1048576
warp,cuda,0.00013906200001656543,1048576
warp,cuda,0.00013845099965692498,1048576
warp,cuda,0.00013705200035474263,1048576
warp,cuda,0.00015091099976416444,1048576
warp,cuda,0.00014318199919216568,1048576
torch,cuda,0.00470225000026403,1048576
torch,cuda,0.00433677599994553,1048576
torch,cuda,0.004348174999904586,1048576
torch,cuda,0.004505418000007921,1048576
torch,cuda,0.00450576799994451,1048576
torch,cuda,0.004332824999437435,1048576
torch,cuda,0.004338785000072676,1048576
torch,cuda,0.004639380000298843,1048576
torch,cuda,0.0043460750002850546,1048576
jax,cuda,0.0004299649999666144,1048576
jax,cuda,0.0003728740002770792,1048576
jax,cuda,0.0003666240008897148,1048576
jax,cuda,0.00034864300050685415,1048576
jax,cuda,0.0003608739998526289,1048576
jax,cuda,0.000350174000232073,1048576
jax,cuda,0.00034808400050678756,1048576
jax,cuda,0.0003596930000639986,1048576
jax,cuda,0.00034584300010465086,1048576
numba,cuda,0.0004424640001161606,4194304
numba,cuda,0.0004513750000114669,4194304
numba,cuda,0.0004032540000480367,4194304
numba,cuda,0.0004707240004790947,4194304
numba,cuda,0.00044909400003234623,4194304
numba,cuda,0.0004394349998619873,4194304
numba,cuda,0.00040299400006915675,4194304
numba,cuda,0.0004149850001340383,4194304
numba,cuda,0.00045933399997011293,4194304
taichi,cuda,0.00047303499923145864,4194304
taichi,cuda,0.00017419199957657838,4194304
taichi,cuda,0.00016364099974452984,4194304
taichi,cuda,0.00015987200004019542,4194304
taichi,cuda,0.00015842199991311645,4194304
taichi,cuda,0.00017571099942870205,4194304
taichi,cuda,0.00018196200016973307,4194304
taichi,cuda,0.00016209200020966819,4194304
taichi,cuda,0.00015782199989189394,4194304
warp,cuda,0.0002904430002672598,4194304
warp,cuda,0.000163091000104032,4194304
warp,cuda,0.00014788200041948585,4194304
warp,cuda,0.00014270100018620724,4194304
warp,cuda,0.00014240199925552588,4194304
warp,cuda,0.00014161100079945754,4194304
warp,cuda,0.00014132099931885023,4194304
warp,cuda,0.0001589619996593683,4194304
warp,cuda,0.00014233100046112668,4194304
torch,cuda,0.018409545000395156,4194304
torch,cuda,0.018300542999895697,4194304
torch,cuda,0.017870747999950254,4194304
torch,cuda,0.017856347999440914,4194304
torch,cuda,0.01819391299977724,4194304
torch,cuda,0.018177982000452175,4194304
torch,cuda,0.01761153600000398,4194304
torch,cuda,0.017517125000267697,4194304
torch,cuda,0.017190102000313345,4194304
jax,cuda,0.0006176770002639387,4194304
jax,cuda,0.0005022750001444365,4194304
jax,cuda,0.0008136790002026828,4194304
jax,cuda,0.0005231550003372831,4194304
jax,cuda,0.0004683349998231279,4194304
jax,cuda,0.0004612950006048777,4194304
jax,cuda,0.00046570500035159057,4194304
jax,cuda,0.0005061850006313762,4194304
jax,cuda,0.0004833960001633386,4194304
